Episodes,Reward
0,-12.762443408723554
5000,-21.08877870079532
35000,-14.30645910324617
300022,-13.124473733912135
